<?xml version="1.0" encoding="UTF-8"?>
<metadata xml:lang="en"><Esri><CreaDate>20240207</CreaDate><CreaTime>04042400</CreaTime><ArcGISFormat>1.0</ArcGISFormat><SyncOnce>TRUE</SyncOnce><DataProperties><lineage><Process ToolSource="c:\program files (x86)\arcgis\desktop10.8\ArcToolbox\Toolboxes\Data Management Tools.tbx\CopyFeatures" Date="20240207" Time="040424">CopyFeatures "E:\PythonCode\Connection to pasde.sde\APPDATA.dbo.parcelexport_sview" "\\purpledrive\files\IT\~Public Data Export\Public Data\GIS_Data\OsceolaTaxParcels.shp" # 0 0 0</Process></lineage></DataProperties></Esri></metadata>
